{"count":1,"gauges":{"SoundAgent.CumulativeReward":{"count":10,"max":2.90812,"min":-1.481587,"value":-0.80731,"weightedAverage":-0.18223159}},"self":11.070444,"total":51.174666599999995,"children":{"AgentSendState":{"count":872,"self":0.0076941,"total":3.7318947,"children":{"CollectObservations":{"count":179,"self":0.0243741,"total":0.0243741,"children":null},"CollectDiscreteActionMasks":{"count":179,"self":0,"total":0,"children":null},"AgentInfo.ToProto":{"count":179,"self":0.001026,"total":3.6998265,"children":{"GenerateSensorData":{"count":179,"self":0.0090337,"total":3.6988005,"children":{"CameraSensor.GetCompressedObservation":{"count":179,"self":3.6897667999999997,"total":3.6897667999999997,"children":null}}}}}}},"DecideAction":{"count":872,"self":36.1909248,"total":36.1909256,"children":null},"AgentAct":{"count":872,"self":0.0259936,"total":0.18039329999999998,"children":{"AgentInfo.ToProto":{"count":10,"self":0,"total":0.1543997,"children":{"GenerateSensorData":{"count":10,"self":0.0011907999999999999,"total":0.1543997,"children":{"CameraSensor.GetCompressedObservation":{"count":10,"self":0.15320889999999998,"total":0.15320889999999998,"children":null}}}}}}}}}